--inserting the aircraft table
insert into aircraft (id, type, airline_name, number_of_passengers)
values (1, 'Gentle Bird', 'panam', 77)
insert into aircraft (id, type, airline_name, number_of_passengers)
values (2, 'Freecry', 'american', 68)
insert into aircraft (id, type, airline_name, number_of_passengers)
values (3, 'Feralheat', 'united emerites', 86)
insert into aircraft (id, type, airline_name, number_of_passengers)
values (4, 'Bansheecharge', 'panam', 29)
insert into aircraft (id, type, airline_name, number_of_passengers)
values (5, 'Dragonbullet', 'can air', 59)
insert into aircraft (id, type, airline_name, number_of_passengers)
values (6, 'Demonspark', 'panam', 37)
insert into aircraft (id, type, airline_name, number_of_passengers)
values (7, 'Frostforce', 'panam', 42)
insert into aircraft (id, type, airline_name, number_of_passengers)
values (8, 'Agile charge', 'budget bob', 95)
insert into aircraft (id, type, airline_name, number_of_passengers)
values (9, 'Evil Crow', 'htaed', 69)
insert into aircraft (id, type, airline_name, number_of_passengers)
values (10, 'Vain Lightning', 'nemaf', 87)
insert into aircraft (id, type, airline_name, number_of_passengers)
values (11, 'Hellcharge', 'htols', 66)
insert into aircraft (id, type, airline_name, number_of_passengers)
values (12, 'Wildblaze', 'panam', 45)
insert into aircraft (id, type, airline_name, number_of_passengers)
values (13, 'Irontooth', 'panam', 53)
insert into aircraft (id, type, airline_name, number_of_passengers)
values (14, 'Flightstorm', 'panam', 23)
insert into aircraft (id, type, airline_name, number_of_passengers)
values (15, 'Grim Sparrow', 'american', 64)

--inserting the airport table
insert into airport (id, name, code)
values (1, 'Hollow Top Emergency Airfield', 'KBAD')
insert into airport (id, name, code)
values (2, 'Daily RLA Helistop', 'SBBU')
insert into airport (id, name, code)
values (3, 'Forbes Landing Strip', 'AGGE')
insert into airport (id, name, code)
values (4, 'Marlboro Airpark', 'LRBM')
insert into airport (id, name, code)
values (5, 'Bruce Campbell Helistop', 'VEBS')
insert into airport (id, name, code)
values (6, 'Kalalau Beach Landing Strip', 'EGLK')
insert into airport (id, name, code)
values (7, 'Crooksville Airfield', 'RPVB')
insert into airport (id, name, code)
values (8, 'Tioga Strip', 'MRBC')
insert into airport (id, name, code)
values (9, 'Wallace Intranational', 'HABU')
insert into airport (id, name, code)
values (10, 'Lone Mountain Airpark', 'SNBC')
insert into airport (id, name, code)
values (11, 'Arnika Ranch Airfield', 'OIBL')
insert into airport (id, name, code)
values (12, 'Mans Lahm Regional Airstrip', 'VABO')
insert into airport (id, name, code)
values (13, 'Atkinson Municipal Airport', 'KBEC')

--inserting the city table
insert into city (id, name, state, population)
values (1, 'Westfield', 'kansas', '65124')
insert into airport (id, name, state, population)
values (2, 'Jackson', 'south dokata', '632898')
insert into airport (id, name, state, population)
values (3, 'Fruitville', 'new york', '534144')
insert into airport (id, name, state, population)
values (4, 'Plymouth', 'kansas', '90216')
insert into airport (id, name, state, population)
values (5, 'Ocean Shores', 'california', '190523')
insert into airport (id, name, state, population)
values (6, 'Portland', 'south dokata', '917423')

--inserting the passenger table
insert into passenger (id, first_name, last_name, phone_num, city_id)
values (1, 'nyree', 'ronny', '2078180020','4')
insert into passenger (id, first_name, last_name, phone_num, city_id)
values (2, 'harlow', 'lorri', '3058320668','2')
insert into passenger (id, first_name, last_name, phone_num, city_id)
values (3, 'jaquelyn', 'jaye', '1295075822','4')
insert into passenger (id, first_name, last_name, phone_num, city_id)
values (4, 'nevaeh', 'haze', '9874043843','1')
insert into passenger (id, first_name, last_name, phone_num, city_id)
values (5, 'britney', 'modesty', '2318962721','1')
insert into passenger (id, first_name, last_name, phone_num, city_id)
values (6, 'alex', 'chelsie', '7177448254','6')
insert into passenger (id, first_name, last_name, phone_num, city_id)
values (7, 'jean', 'adeline', '1116741346','4')
insert into passenger (id, first_name, last_name, phone_num, city_id)
values (8, 'nick', 'kameron', '3775107640','3')
insert into passenger (id, first_name, last_name, phone_num, city_id)
values (9, 'amery', 'dory', '5247899976','4')
insert into passenger (id, first_name, last_name, phone_num, city_id)
values (10, 'everitt', 'lenox', '1290926018','1')
insert into passenger (id, first_name, last_name, phone_num, city_id)
values (11, 'verna', 'stephani', '7272775523','6')
insert into passenger (id, first_name, last_name, phone_num, city_id)
values (12, 'cecil', 'andre', '7280562954',1'')
insert into passenger (id, first_name, last_name, phone_num, city_id)
values (13, 'winton', 'kennard', '3484384355','2')
insert into passenger (id, first_name, last_name, phone_num, city_id)
values (14, 'cogenevieve', 'willard', '4219536381','1')
insert into passenger (id, first_name, last_name, phone_num, city_id)
values (15, 'hallie', 'memphis', '4304081493','2')
insert into passenger (id, first_name, last_name, phone_num, city_id)
values (16, 'cason', 'jordin', '6221428761','1')
insert into passenger (id, first_name, last_name, phone_num, city_id)
values (17, 'ursella', 'freeman', '5147782832','1')
insert into passenger (id, first_name, last_name, phone_num, city_id)
values (18, 'adelle', 'jessie', '9734118398','4')
insert into passenger (id, first_name, last_name, phone_num, city_id)
values (19, 'caleb', 'cailyn', '4361209368','3')
insert into passenger (id, first_name, last_name, phone_num, city_id)
values (20, 'jools', 'elfreda', '9703798406','5')
insert into passenger (id, first_name, last_name, phone_num, city_id)
values (21, 'delma', 'babs', '2988408983','1')
insert into passenger (id, first_name, last_name, phone_num, city_id)
values (22, 'brant', 'romy', '2268657959','1')
insert into passenger (id, first_name, last_name, phone_num, city_id)
values (23, 'sherlyn', 'robena', '9104487011','1')
insert into passenger (id, first_name, last_name, phone_num, city_id)
values (24, 'cherise', 'kourtney', '9125433101','5')
insert into passenger (id, first_name, last_name, phone_num, city_id)
values (25, 'marni', 'natille', '4685103548','1')
insert into passenger (id, first_name, last_name, phone_num, city_id)
values (26, 'flick', 'mercia', '5213018212','2')
insert into passenger (id, first_name, last_name, phone_num, city_id)
values (27, 'jenifer', 'mavis', '9316917345','1')
insert into passenger (id, first_name, last_name, phone_num, city_id)
values (28, 'eugene', 'algar', '2176560021','1')
insert into passenger (id, first_name, last_name, phone_num, city_id)
values (29, 'bermoece', 'gloriana', '5491442927','5')
insert into passenger (id, first_name, last_name, phone_num, city_id)
values (30, 'meaghan', 'clem', '7654461468','1')
insert into passenger (id, first_name, last_name, phone_num, city_id)
values (31, 'vivyan', 'alvin', '8969712706','2')
insert into passenger (id, first_name, last_name, phone_num, city_id)
values (32, 'aaliyah', 'saint', '2241294307','2')
insert into passenger (id, first_name, last_name, phone_num, city_id)
values (33, 'ry', 'seven', '6805038326','1')

--inserting the aircraft_airport table
insert into aircraft_airport (aircraft_id, airport_id)
values (14,1)
insert into aircraft_airport (aircraft_id, airport_id)
values (9,5)
insert into aircraft_airport (aircraft_id, airport_id)
values (15,5)
insert into aircraft_airport (aircraft_id, airport_id)
values (14,6)
insert into aircraft_airport (aircraft_id, airport_id)
values (7,1)
insert into aircraft_airport (aircraft_id, airport_id)
values (10,1)
insert into aircraft_airport (aircraft_id, airport_id)
values (12,6)
insert into aircraft_airport (aircraft_id, airport_id)
values (6,6)
insert into aircraft_airport (aircraft_id, airport_id)
values (4,4)
insert into aircraft_airport (aircraft_id, airport_id)
values (11,3)
insert into aircraft_airport (aircraft_id, airport_id)
values (15,6)
insert into aircraft_airport (aircraft_id, airport_id)
values (10,5)
insert into aircraft_airport (aircraft_id, airport_id)
values (10,6)
insert into aircraft_airport (aircraft_id, airport_id)
values (9,6)
insert into aircraft_airport (aircraft_id, airport_id)
values (8,5)
insert into aircraft_airport (aircraft_id, airport_id)
values (6,4)
insert into aircraft_airport (aircraft_id, airport_id)
values (15,6)
insert into aircraft_airport (aircraft_id, airport_id)
values (2,4)
insert into aircraft_airport (aircraft_id, airport_id)
values (5,1)
insert into aircraft_airport (aircraft_id, airport_id)
values (4,2)
insert into aircraft_airport (aircraft_id, airport_id)
values (14,3)
insert into aircraft_airport (aircraft_id, airport_id)
values (4,2)
insert into aircraft_airport (aircraft_id, airport_id)
values (11,2)
insert into aircraft_airport (aircraft_id, airport_id)
values (6,5)
insert into aircraft_airport (aircraft_id, airport_id)
values (12,6)
insert into aircraft_airport (aircraft_id, airport_id)
values (7,3)
insert into aircraft_airport (aircraft_id, airport_id)
values (3,3)
insert into aircraft_airport (aircraft_id, airport_id)
values (6,4)
insert into aircraft_airport (aircraft_id, airport_id)
values (3,6)
insert into aircraft_airport (aircraft_id, airport_id)
values (13,6)
insert into aircraft_airport (aircraft_id, airport_id)
values (14,3)
insert into aircraft_airport (aircraft_id, airport_id)
values (12,2)
insert into aircraft_airport (aircraft_id, airport_id)
values (8,6)

--inserting the city_airport table
insert into city_airport (city_id, airport_id)
values (1,4)
insert into city_airport (city_id, airport_id)
values (1,10)
insert into city_airport (city_id, airport_id)
values (2,2)
insert into city_airport (city_id, airport_id)
values (2,12)
insert into city_airport (city_id, airport_id)
values (3,3)
insert into city_airport (city_id, airport_id)
values (3,13)
insert into city_airport (city_id, airport_id)
values (4,1)
insert into city_airport (city_id, airport_id)
values (4,11)
insert into city_airport (city_id, airport_id)
values (5,5)
insert into city_airport (city_id, airport_id)
values (5,9)
insert into city_airport (city_id, airport_id)
values (6,6)
insert into city_airport (city_id, airport_id)
values (6,8)
insert into city_airport (city_id, airport_id)
values (6,7)

--inserting the passenger_aircraft table
insert into passenger_aircraft (passenger_id, aircraft_id)
values (11,3)
insert into passenger_aircraft (passenger_id, aircraft_id)
values (29,8)
insert into passenger_aircraft (passenger_id, aircraft_id)
values (29,4)
insert into passenger_aircraft (passenger_id, aircraft_id)
values (18,15)
insert into passenger_aircraft (passenger_id, aircraft_id)
values (14,13)
insert into passenger_aircraft (passenger_id, aircraft_id)
values (12,14)
insert into passenger_aircraft (passenger_id, aircraft_id)
values (4,13)
insert into passenger_aircraft (passenger_id, aircraft_id)
values (32,4)
insert into passenger_aircraft (passenger_id, aircraft_id)
values (5,2)
insert into passenger_aircraft (passenger_id, aircraft_id)
values (22,4)
insert into passenger_aircraft (passenger_id, aircraft_id)
values (3,8)
insert into passenger_aircraft (passenger_id, aircraft_id)
values (19,5)
insert into passenger_aircraft (passenger_id, aircraft_id)
values (16,12)
insert into passenger_aircraft (passenger_id, aircraft_id)
values (5,1)
insert into passenger_aircraft (passenger_id, aircraft_id)
values (33,3)
insert into passenger_aircraft (passenger_id, aircraft_id)
values (17,8)
insert into passenger_aircraft (passenger_id, aircraft_id)
values (7,15)
insert into passenger_aircraft (passenger_id, aircraft_id)
values (10,11)
insert into passenger_aircraft (passenger_id, aircraft_id)
values (32,13)
insert into passenger_aircraft (passenger_id, aircraft_id)
values (4,14)
insert into passenger_aircraft (passenger_id, aircraft_id)
values (12,8)
insert into passenger_aircraft (passenger_id, aircraft_id)
values (1,9)
insert into passenger_aircraft (passenger_id, aircraft_id)
values (29,3)
insert into passenger_aircraft (passenger_id, aircraft_id)
values (7,14)
insert into passenger_aircraft (passenger_id, aircraft_id)
values (29,3)
insert into passenger_aircraft (passenger_id, aircraft_id)
values (17,5)
insert into passenger_aircraft (passenger_id, aircraft_id)
values (11,3)
insert into passenger_aircraft (passenger_id, aircraft_id)
values (17,5)
insert into passenger_aircraft (passenger_id, aircraft_id)
values (31,6)
insert into passenger_aircraft (passenger_id, aircraft_id)
values (26,13)
insert into passenger_aircraft (passenger_id, aircraft_id)
values (17,14)
insert into passenger_aircraft (passenger_id, aircraft_id)
values (28,11)
insert into passenger_aircraft (passenger_id, aircraft_id)
values (26,14)
insert into passenger_aircraft (passenger_id, aircraft_id)
values (20,9)
insert into passenger_aircraft (passenger_id, aircraft_id)
values (8,11)
insert into passenger_aircraft (passenger_id, aircraft_id)
values (8,11)
insert into passenger_aircraft (passenger_id, aircraft_id)
values (8,3)
insert into passenger_aircraft (passenger_id, aircraft_id)
values (11,2)
insert into passenger_aircraft (passenger_id, aircraft_id)
values (33,14)
insert into passenger_aircraft (passenger_id, aircraft_id)
values (19,5)
insert into passenger_aircraft (passenger_id, aircraft_id)
values (27,9)
insert into passenger_aircraft (passenger_id, aircraft_id)
values (2,11)
insert into passenger_aircraft (passenger_id, aircraft_id)
values (27,2)
insert into passenger_aircraft (passenger_id, aircraft_id)
values (22,9)
insert into passenger_aircraft (passenger_id, aircraft_id)
values (33,2)
insert into passenger_aircraft (passenger_id, aircraft_id)
values (3,4)

--question #1

select a.name, c.name, c.state from city c, airport a, city_airport ca
where ca.airport_id = a.id
and ca.city_id = c.id;

--question #2

select b.type, b.airline_name, p.first_name, p.last_name from passenger p, aircraft b, passenger_aircraft pa
where pa.passenger_id = p.id
and pa.aircraft_id = b.id
--the next line lets you select the person that you want to see what planes they have taveled on
and pa.passenger_id = 3;

--question #3

select a.name, a.code from airport a, aircraft b, aircraft_airport aa
where aa.aircraft_id = b.id
and aa.airport_id = a.id
--the next line lets you select the aircraft that you want to see where it can land
and aa.aircraft_id = 8
order by a.name;

--question #4
select a.name, a.code, p.first_name, p.last_name from airport a, aircraft b, passenger p, aircraft_airport aa, passenger_aircraft pa
where aa.aircraft_id = b.id
and aa.airport_id = a.id
and pa.passenger_id = p.id
and pa.aircraft_id = b.id
and pa.passenger_id = 3;